<Extensions><Version>1.5</Version><Panel>
    <PanelId>sonos</PanelId>
    <Type>Home</Type>
    <Icon>Media</Icon>
    <Order>1</Order>
    <Color>#07C1E4</Color>
    <Name>Background Music</Name>
    <Page>
      <Name>Sonos</Name>
      <Row>
        <Name>Volume</Name>
        <Widget>
          <WidgetId>volumeSet10</WidgetId>
          <Name>10%</Name>
          <Type>Button</Type>
          <Options>size=1</Options>
        </Widget>
        <Widget>
          <WidgetId>volumeSet25</WidgetId>
          <Name>25%</Name>
          <Type>Button</Type>
          <Options>size=1</Options>
        </Widget>
        <Widget>
          <WidgetId>volumeSet50</WidgetId>
          <Name>50%</Name>
          <Type>Button</Type>
          <Options>size=1</Options>
        </Widget>
        <Widget>
          <WidgetId>volumeSet75</WidgetId>
          <Name>75%</Name>
          <Type>Button</Type>
          <Options>size=1</Options>
        </Widget>
      </Row>
      <Row>
        <Name>Play/Pause</Name>
        <Widget>
          <WidgetId>widget_4</WidgetId>
          <Type>Spacer</Type>
          <Options>size=1</Options>
        </Widget>
        <Widget>
          <WidgetId>resume</WidgetId>
          <Type>Button</Type>
          <Options>size=1;icon=play</Options>
        </Widget>
        <Widget>
          <WidgetId>pause</WidgetId>
          <Type>Button</Type>
          <Options>size=1;icon=pause</Options>
        </Widget>
        <Widget>
          <WidgetId>widget_3</WidgetId>
          <Type>Spacer</Type>
          <Options>size=1</Options>
        </Widget>
      </Row>
      <Row>
        <Name>Stations</Name>
        <Widget>
          <WidgetId>News</WidgetId>
          <Name>News</Name>
          <Type>Button</Type>
          <Options>size=2</Options>
        </Widget>
        <Widget>
          <WidgetId>Country</WidgetId>
          <Name>Country</Name>
          <Type>Button</Type>
          <Options>size=2</Options>
        </Widget>
        <Widget>
          <WidgetId>ClassicRock</WidgetId>
          <Name>Classic Rock</Name>
          <Type>Button</Type>
          <Options>size=2</Options>
        </Widget>
        <Widget>
          <WidgetId>AlternativeRock</WidgetId>
          <Name>Alternative Rock</Name>
          <Type>Button</Type>
          <Options>size=2</Options>
        </Widget>
        <Widget>
          <WidgetId>Top40</WidgetId>
          <Name>Top 40</Name>
          <Type>Button</Type>
          <Options>size=2</Options>
        </Widget>
        <Widget>
          <WidgetId>ESPN</WidgetId>
          <Name>ESPN</Name>
          <Type>Button</Type>
          <Options>size=2</Options>
        </Widget>
      </Row>
      <Options/>
    </Page>
  </Panel>
</Extensions>